{
  "version": 1,
  "embeddingVersion": 1,
  "classToIndex": {
    "melee": 0,
    "ranged": 1,
    "magic": 2
  },
  "indexToClass": [
    "melee",
    "ranged",
    "magic"
  ],
  "centroids": [
    [
      0.00043728831224143505,
      0.004763605538755655,
      0.010022342205047607,
      0.017500106245279312,
      0.03942578658461571,
      0.7549408674240112,
      0.06734444200992584,
      0.009325094521045685,
      0.009927073493599892,
      0.0076122526079416275,
      0.005783392116427422,
      0.007683364674448967,
      0.0077963233925402164,
      0.017996834591031075,
      0.05644276365637779,
      0.0024966842029243708,
      0.0027696816250681877,
      0.004958339501172304,
      0.003566765459254384,
      0.005860471166670322,
      0.0047993105836212635,
      0.005008942913264036,
      0.011862048879265785,
      0.012485955841839314,
      0.009936108253896236,
      0.009444783441722393,
      0.006887182593345642,
      0.005883693229407072,
      0.0023750178515911102,
      0.0024757354985922575,
      0.0023335108999162912,
      0.0014100276166573167,
      0.07788823544979095,
      0.1824609786272049,
      0.1047082394361496,
      0.042785219848155975,
      0.053741779178380966,
      0.0204667579382658,
      0.024294622242450714,
      0.033504337072372437,
      0.06954003125429153,
      0.13652265071868896,
      0.15919962525367737,
      0.032657407224178314,
      0.09109747409820557,
      0.022648777812719345,
      0.03366385027766228,
      0.02637586183845997,
      0.2556329071521759,
      0.3326227068901062,
      0.26313701272010803,
      0.236628919839859
    ],
    [
      0.0,
      0.011650004424154758,
      0.034495871514081955,
      0.04880066588521004,
      0.07028081268072128,
      0.674004852771759,
      0.07222728431224823,
      0.01715315878391266,
      0.02097966894507408,
      0.016245553269982338,
      0.031643085181713104,
      0.018341388553380966,
      0.024626104161143303,
      0.021519623696804047,
      0.08661693334579468,
      0.016332805156707764,
      0.011394395492970943,
      0.01707053929567337,
      0.012506929226219654,
      0.007414170075207949,
      0.01632157899439335,
      0.0076941088773310184,
      0.0036389646120369434,
      0.005619255360215902,
      0.002808157354593277,
      0.006739831529557705,
      0.0008714754949323833,
      0.00046232755994424224,
      0.001839755685068667,
      0.0007029178086668253,
      0.0030134685803204775,
      0.005825419444590807,
      0.0683668926358223,
      0.06753913313150406,
      0.06058933213353157,
      0.04972342029213905,
      0.0739576667547226,
      0.1039518192410469,
      0.13214407861232758,
      0.049957696348428726,
      0.0938868299126625,
      0.06899473071098328,
      0.058955639600753784,
      0.02827690728008747,
      0.09912141412496567,
      0.1108635738492012,
      0.14253754913806915,
      0.059974342584609985,
      0.3324841260910034,
      0.30970460176467896,
      0.3101537525653839,
      0.3184722065925598
    ],
    [
      0.0006577637395821512,
      0.0,
      0.0,
      0.010966775007545948,
      0.09343069046735764,
      0.6525500416755676,
      0.08507037162780762,
      0.06253931671380997,
      0.04825376346707344,
      0.03284124284982681,
      0.025847315788269043,
      0.03221428394317627,
      0.03860606625676155,
      0.035311199724674225,
      0.08392360061407089,
      0.03308088332414627,
      0.012045435607433319,
      0.006811329163610935,
      0.006111924536526203,
      0.007753233425319195,
      0.0038619551341980696,
      0.004452625289559364,
      0.004736824426800013,
      0.0017745918594300747,
      0.001714753801934421,
      0.0008862220565788448,
      0.0,
      0.0006577637395821512,
      0.0,
      0.0,
      0.0,
      0.0,
      0.11017879843711853,
      0.07010017335414886,
      0.0694529116153717,
      0.1134357824921608,
      0.12032607197761536,
      0.054923731833696365,
      0.04894852265715599,
      0.06472250074148178,
      0.09186772257089615,
      0.0495704784989357,
      0.0614980049431324,
      0.12495841085910797,
      0.19144557416439056,
      0.043378014117479324,
      0.029811633750796318,
      0.04148157685995102,
      0.31939342617988586,
      0.31745705008506775,
      0.33421221375465393,
      0.3051058351993561
    ]
  ],
  "preprocessing": {
    "embedding": "puzzle_embedding_utils.embedding_for_image_bgr(side=32, inner_inset_frac=0.12)",
    "normalization": "l2",
    "scoring": "cosine+softmax"
  },
  "calibratedTemperature": 24.0,
  "recommendedMinConfidence": 0.0,
  "recommendedMinMargin": 0.0,
  "trainSampleCount": 80,
  "validationSampleCount": 20,
  "top1Accuracy": 1.0,
  "generatedAt": "2026-03-30T18:59:28.075373+00:00",
  "perClassMetrics": {
    "melee": {
      "support": 6,
      "top1Accuracy": 1.0,
      "avgTrueClassProbability": 0.6237291892369589
    },
    "ranged": {
      "support": 6,
      "top1Accuracy": 1.0,
      "avgTrueClassProbability": 0.5529084404309591
    },
    "magic": {
      "support": 8,
      "top1Accuracy": 1.0,
      "avgTrueClassProbability": 0.582880400121212
    }
  }
}